[{"coord": {"lon": 2.3488, "lat": 48.8534}, "weather": [{"id": 800, "main": "Clear", "description": "clear sky", "icon": "01d"}], "base": "stations", "main": {"temp": 22.82, "feels_like": 22.36, "temp_min": 21.88, "temp_max": 23.93, "pressure": 1024, "humidity": 46, "sea_level": 1024, "grnd_level": 1014}, "visibility": 10000, "wind": {"speed": 5.66, "deg": 290}, "clouds": {"all": 0}, "dt": 1750003326, "sys": {"type": 2, "id": 2012208, "country": "FR", "sunrise": 1749959194, "sunset": 1750017345}, "timezone": 7200, "id": 2988507, "name": "Paris", "cod": 200}, {"coord": {"lon": -0.1257, "lat": 51.5085}, "weather": [{"id": 802, "main": "Clouds", "description": "scattered clouds", "icon": "03d"}], "base": "stations", "main": {"temp": 24.03, "feels_like": 23.59, "temp_min": 22.95, "temp_max": 24.49, "pressure": 1022, "humidity": 42, "sea_level": 1022, "grnd_level": 1018}, "visibility": 10000, "wind": {"speed": 5.66, "deg": 260}, "clouds": {"all": 47}, "dt": 1750002975, "sys": {"type": 2, "id": 2075535, "country": "GB", "sunrise": 1749958967, "sunset": 1750018759}, "timezone": 3600, "id": 2643743, "name": "London", "cod": 200}, {"coord": {"lon": -120.5015, "lat": 47.5001}, "weather": [{"id": 800, "main": "Clear", "description": "clear sky", "icon": "01d"}], "base": "stations", "main": {"temp": 16.38, "feels_like": 15.22, "temp_min": 16.22, "temp_max": 16.38, "pressure": 1017, "humidity": 44, "sea_level": 1017, "grnd_level": 934}, "visibility": 10000, "wind": {"speed": 1.57, "deg": 21, "gust": 1.49}, "clouds": {"all": 0}, "dt": 1750003646, "sys": {"type": 2, "id": 2010325, "country": "US", "sunrise": 1749989052, "sunset": 1750046463}, "timezone": -25200, "id": 5815135, "name": "Washington", "cod": 200}]