[{"coord": {"lon": 2.3488, "lat": 48.8534}, "weather": [{"id": 803, "main": "Clouds", "description": "broken clouds", "icon": "04d"}], "base": "stations", "main": {"temp": 22.22, "feels_like": 21.86, "temp_min": 21.28, "temp_max": 23.47, "pressure": 1024, "humidity": 52, "sea_level": 1024, "grnd_level": 1014}, "visibility": 10000, "wind": {"speed": 4.02, "deg": 34, "gust": 5.36}, "clouds": {"all": 75}, "dt": 1749998714, "sys": {"type": 2, "id": 2012208, "country": "FR", "sunrise": 1749959194, "sunset": 1750017345}, "timezone": 7200, "id": 2988507, "name": "Paris", "cod": 200}, {"coord": {"lon": -0.1257, "lat": 51.5085}, "weather": [{"id": 802, "main": "Clouds", "description": "scattered clouds", "icon": "03d"}], "base": "stations", "main": {"temp": 23.84, "feels_like": 23.43, "temp_min": 22.86, "temp_max": 25.05, "pressure": 1022, "humidity": 44, "sea_level": 1022, "grnd_level": 1018}, "visibility": 10000, "wind": {"speed": 4.63, "deg": 270}, "clouds": {"all": 31}, "dt": 1749998756, "sys": {"type": 2, "id": 2075535, "country": "GB", "sunrise": 1749958967, "sunset": 1750018759}, "timezone": 3600, "id": 2643743, "name": "London", "cod": 200}, {"coord": {"lon": -120.5015, "lat": 47.5001}, "weather": [{"id": 800, "main": "Clear", "description": "clear sky", "icon": "01d"}], "base": "stations", "main": {"temp": 12.22, "feels_like": 11.09, "temp_min": 12.22, "temp_max": 12.22, "pressure": 1018, "humidity": 61, "sea_level": 1018, "grnd_level": 934}, "visibility": 10000, "wind": {"speed": 1.85, "deg": 4, "gust": 2.04}, "clouds": {"all": 0}, "dt": 1749998400, "sys": {"type": 1, "id": 3917, "country": "US", "sunrise": 1749989052, "sunset": 1750046463}, "timezone": -25200, "id": 5815135, "name": "Washington", "cod": 200}]